																								
	Intelligent Prioritization & Loop Closure														Timeline									
	COMPANY NAME		Cityblock Health																					
		DEPARTMENT	Strategic Solutions																					
			LAST UPDATED		3/7/2025																			
												Week of												
			Tags	Req. #	Start date	Completion date	Status	Responsible	Accountable	Consulted 	Key Links	2/3	2/10	2/17	2/24	3/3	3/10	3/17	3/24	3/31	4/7	4/14	4/21	4/28
	0	Full Project Change Management																						
		Pre-work										 	 	 	 	 	 	 	 	 	 	 	 	 
		Current state analysis for all markets (CHP/CTL/CTM interviews)	ğŸ¤		1/21/25	1/31/25	Complete	Rosie EbadatMatt Slavin	Shoshanah Brown	Markets		 	 	 	 	 	 	 	 	 	 	 	 	 
		     IN/MA task cleanup	ğŸ¤		2/10/25	2/21/25	Complete	Maryann Sonoiki	Fabiana Simone			 	YES	YES	 	 	 	 	 	 	 	 	 	 
		Identify market champions	â™»ï¸		2/10/25	3/14/25	In Progress	Matt Slavin	Sam Ferguson			 	YES	YES	YES	YES	YES	 	 	 	 	 	 	 
		     Identify pilot MA/IN Market champions	â™»ï¸		2/10/25	2/14/25	Complete	Matt Slavin	Sam Ferguson			 	YES	 	 	 	 	 	 	 	 	 	 	 
		    Define the role and identify FL/NC/NY/OH Market champions (will ask in Market kickoff calls)	â™»ï¸		3/3/25	3/14/25	Not Started	Matt Slavin	Sam Ferguson			 	 	 	 	YES	YES	 	 	 	 	 	 	 
		Build tool compendium for pilot markets (i.e., control report, empanelment tool, pod/track assignment, absence reassignment, QA program, leadership review expectations, 1:1 templates, huddle template)	ğŸ¤		2/3/25	2/21/25	In Progress	Maryann Sonoiki	Rosie EbadatMatt Slavin			YES	YES	YES	 	 	 	 	 	 	 	 	 	 
		     Develop absence reassignment P&P				2/21/25	In Progress	Maryann Sonoiki																
		     Finalize hudlde template					In Progress																	
		     Develop quality program P&P and associated tooling (ex: templates)				2/21/25	In Progress	Maryann Sonoiki																
		     Analyze IN/IL current state empanelment and 	ğŸ¤		2/10/25	2/14/25	Complete	Chris Wilmer	Maryann Sonoiki	Katie Shorter Monika Manne		 	YES	 	 	 	 	 	 	 	 	 	 	 
		     Recommend Empanelment operation (with use of tool) for IN pilot launch	ğŸ¤		2/7/25	2/14/25	Complete	Ryan Senning	Sam Ferguson			 	YES	 	 	 	 	 	 	 	 	 	 	 
		     Align stakeholders on Pre-Activate panel for non-CMD contracts (OS, blank, something else)	ğŸ¤		2/7/25	2/14/25	Complete	Ryan Senning	Sam Ferguson			 	YES	 	 	 	 	 	 	 	 	 	 	 
		     Confirm track assignments are feasible with current staffing model (incl. potential new care team role)	ğŸ¤		2/10/25	2/14/25	Complete	Sam Ferguson	Sam Ferguson	Katie Shorter Monika Manne		 	YES	 	 	 	 	 	 	 	 	 	 	 
		Knowledge share from AI tooling for case conference	ğŸ¤		3/24/25	3/28/25	Not Started	Zeinab Hamdan	IPLC Team			 	 	 	 	 	 	 	YES	 	 	 	 	 
		Knowledge share tasking changes with LTSS workgroup				3/5/25	Complete	Fabiana Simone																
		Knowledge share tasking changes with Quality Team				3/12/25	Not Started	Fabiana Simone																
		Determine long term staffing /empanelment plan for 'Difficult to Reach' members	ğŸ¤		2/17/25	3/14/25	Complete	Sam Ferguson	Zoe Behr			 	 	YES	YES	YES	YES	 	 	 	 	 	 	 
		Develop Care Team Ways of Working ('WoW') Toolkit	â™»ï¸		2/7/25	2/21/25	Complete	Matt Slavin	Sam Ferguson	Maryann Sonoiki; IPLC Team		 	YES	YES	 	 	 	 	 	 	 	 	 	 
		     Socialization of Ways of Working Toolkit with BCD	â™»ï¸		2/10/25	2/21/25	Complete	Matt Slavin	Sam Ferguson	IPLC Team		 	YES	YES	 	 	 	 	 	 	 	 	 	 
		     Socialization of Toolkit with CHPs/CTLs/Nursing Team	â™»ï¸		2/17/25	2/28/25	In Progress	Matt Slavin	Sam Ferguson	IPLC Team		 	 	YES	YES	 	 	 	 	 	 	 	 	 
		Live training / socialization										 	 	 	 	 	 	 	 	 	 	 	 	 
		Preview approved solutions to MVPs and VP MMPs with draft messaging	â™»ï¸		2/3/25	2/7/25	Complete	Zoe Behr		Matt Slavin		YES	 	 	 	 	 	 	 	 	 	 	 	 
		Train central engagement on empanelment impact (Engagement Ops (+CST), MIC, CTC)	â™»ï¸		2/17/25	2/21/25	Complete		Ryan Senning	Maryann Sonoiki		 	 	YES	 	 	 	 	 	 	 	 	 	 
		Live trainings in pilot MA (virtual)	ğŸ¦‹		2/21/25	2/21/25	Complete	Tara Sherblom	Ryan Senning Fabiana Simone			 	 	 	 	 	 	 	 	 	 	 	 	 
		Live trainings in pilot IN 	ğŸ¦‹		2/24/25	2/25/25	Complete	Maryann Sonoiki	Ryan Senning Fabiana Simone			 	 	 	YES	 	 	 	 	 	 	 	 	 
		Train Indiana on Empanelment updates			2/1/25	2/27/25	Complete	Ryan Senning																
		Lead / manager performance manager training in pilot Markets	ğŸ¦‹		2/26/25	2/27/25	Complete	Rosie Ebadat	Sam Ferguson			 	 	 	 	 	 	 	 	 	 	 	 	 
		Live trainings at Nursing offsite	ğŸ¦‹		2/24/25	2/26/25	Complete	Matt Slavin Rosie Ebadat	Sam Ferguson	Ali Hollman		 	 	 	YES	 	 	 	 	 	 	 	 	 
		Present solutions and short-term pilot results at Friday Closeout	â™»ï¸		3/10/25	3/14/25	Not Started	ODD Leads	Sam Ferguson			 	 	 	 	 	YES	 	 	 	 	 	 	 
		Live trainings in NC	ğŸ¦‹		4/14/25	4/18/25	Not Started	Maryann Sonoiki	Shoshanah Brown			 	 	 	 	 	 	 	 	 	 	YES	 	 
		Live trainings in NY & FL	ğŸ¦‹		4/21/25	4/25/25	Not Started	Maryann Sonoiki	Shoshanah Brown			 	 	 	 	 	 	 	 	 	 	 	YES	 
		Live trainings in OH	ğŸ¦‹		4/21/25	4/25/25	Not Started	Maryann Sonoiki	Shoshanah Brown			 	 	 	 	 	 	 	 	 	 	 	YES	 
		Set up pilot markets post-launch support Slack channel	â™»ï¸		2/24/25	3/28/25	In Progress	Matt Slavin	Sam Ferguson			 	 	 	YES	YES	YES	YES	YES	 	 	 	 	 
		     Create Slack channel	â™»ï¸		2/24/25	2/24/25	Complete	Matt Slavin	Sam Ferguson			 	 	 	YES	 	 	 	 	 	 	 	 	 
		     Deprecate Slack channel	â™»ï¸		3/24/25	3/28/25	Not Started	Matt Slavin	Sam Ferguson			 	 	 	 	 	 	 	YES	 	 	 	 	 
		National post-launch support period with office hours and support slack channel	ğŸ¦‹		4/21/25	5/30/25	Not Started	ODD Leads	Sam Ferguson			 	 	 	 	 	 	 	 	 	 	 	YES	YES
		Async training / notifications										 	 	 	 	 	 	 	 	 	 	 	 	 
		Send out Ways of Working context to Ops Directors Slack group	â™»ï¸		2/13/25	2/13/25	Complete	Matt Slavin	Sam Ferguson			 	 	 	 	 	 	 	 	 	 	 	 	 
		Coordinate with Angel Henderson on announcements in OTB, Leader Roundup, and Company Newsletter	â™»ï¸		2/17/25	3/28/25	In Progress	Matt Slavin	Sam Ferguson			 	 	YES	YES	YES	YES	YES	YES	 	 	 	 	 
		Coordinate with Megan Huang on Ways of Working announement in Product Release Newsletter	â™»ï¸		2/17/25	3/28/25	Complete	Matt Slavin	Sam Ferguson			 	 	YES	YES	YES	YES	YES	YES	 	 	 	 	 
		Send out Ways of Working Early Adopter launch email to IN/MA	â™»ï¸		2/24/25	2/24/25	Complete	Matt Slavin	Sam Ferguson			 	 	 	YES	 	 	 	 	 	 	 	 	 
		Send out Ways of Working email to leadership {SSG + EE) -- forward of the IN/MA launch	â™»ï¸		2/24/25	2/24/25	Complete	Matt Slavin	Sam Ferguson			 	 	 	YES	 	 	 	 	 	 	 	 	 
		Send out Ways of Working national launch email	â™»ï¸		4/14/25	4/18/25	Not Started	Matt Slavin	Sam Ferguson															
		Coordinate with L&G on training and change management plan	â™»ï¸		2/3/25	4/25/25	In Progress	Sam Ferguson	Zoe Behr			YES	YES	YES	YES	YES	YES	YES	YES	YES	YES	YES	YES	 
		     Train ODD on Cityblock TV capabilities	â™»ï¸		2/10/25	3/14/25	In Progress	Amy Barbour	Zoe Behr			 	YES	YES	YES	YES	YES	 	 	 	 	 	 	 
		     Record Cityblock TV courses on Commons prereqs as questions pop up	â™»ï¸		2/17/25	4/28/25		ODD Team	Zoe Behr			 	 	YES	YES	YES	YES	YES	YES	YES	YES	YES	YES	YES
		     Create and upload CBU training materials for Care Team Ways of Working	â™»ï¸		3/31/25	4/11/25	Not Started	ODD Team	Zoe Behr			 	 	 	 	 	 	 	 	YES	YES	 	 	 
		     CBU trainings are live	â™»ï¸		4/14/25	4/14/25		ODD Team	Zoe Behr			 	 	 	 	 	 	 	 	 	 	YES	 	 
		Go-live in pilot MA ğŸ‰				3/3/25	Complete																	
		Go-live in pilot IN ğŸ‰				3/3/25	Complete																	
		Go-live in all markets ğŸ‰				4/28/25	Not Started																	
	1	Tasking Foundations & Enhancements																						
		Build Approval: Approve MVP for tasking foundations & enhancements	ğŸ‘		1/21/25	1/31/25	Complete	Product				 	 	 	 	 	 	 	 	 	 	 	 	 
		Develop tasking standards & governance structure	ğŸš€ 	A, C	1/23/25	2/7/25	In Progress	Fabiana Simone				YES	 	 	 	 	 	 	 	 	 	 	 	 
		       Draft standards for task urgency (normal, important, urgent) & associated guidance	ğŸš€ 	A, C	1/23/25	2/7/25	Complete	Fabiana Simone	ODD	Markets, Clinical, RN/CHP org		YES	 	 	 	 	 	 	 	 	 	 	 	 
		       Draft task categories & associated guidance	ğŸš€ 	A, C	1/23/25	2/7/25	Parking Lot (v1)	Fabiana Simone	ODD	Markets, Clinical, RN/CHP org		YES	 	 	 	 	 	 	 	 	 	 	 	 
		       Draft tasking approval process & identify approvers	ğŸš€ 	A, C	1/23/25	2/7/25	Complete	Fabiana Simone	ODD	Markets, Clinical, Product, RN/CHP org		YES	 	 	 	 	 	 	 	 	 	 	 	 
		       Draft tasking requirements: discretete action items, owners, due dates, tie to associated care plan goal	ğŸš€ 	A, C	1/23/25	2/7/25	Complete	Fabiana Simone	ODD	Markets, Clinical, Product, RN/CHP org		YES	 	 	 	 	 	 	 	 	 	 	 	 
		       Draft guidance on task status & closing tasks (i.e., auto-complete, manual complete with cancellation reasons)	ğŸš€ 	A, C	1/23/25	2/7/25	Complete	Fabiana Simone	ODD	Markets, Clinical, Product, RN/CHP org		YES	 	 	 	 	 	 	 	 	 	 	 	 
		      Finalize tasking guidelines & governance structure recommendations	ğŸš€ 	A, C	2/4/24	2/11/25	In Progress	Fabiana Simone	ODD	Markets, Clinical, Product, RN/CHP org		YES	YES	 	 	 	 	 	 	 	 	 	 	 
		      Train / communicate tasking changes & request process to central teams & market ops (equip to build quality, BOI, campaign tasks)				3/3/25	Not Started	Fabiana Simone																
		Build required technical enhancements to tasking	ğŸ”·ğŸš€ 			3/10/25	At Risk	Joe Gorup		Markets, ODD		YES	YES	YES	YES	YES	YES	 	 	 	 	 	 	 
		       Ability to easily align tasks to next regular check-in	ğŸ”· 	A		3/3/25	Complete	Irene Duett		Markets, ODD		YES	YES	YES	YES	YES	 	 	 	 	 	 	 	 
		       Archive reasons can be applied to all tasks	ğŸ”·ğŸš€ 	V		3/3/25	Complete	Joe Gorup				YES	YES	YES	YES	YES	 	 	 	 	 	 	 	 
		       Connect evidence of work completion to tasks	ğŸ”·ğŸš€ 	U		3/3/25	At Risk	Joe Gorup				YES	YES	YES	YES	YES	 	 	 	 	 	 	 	 
		        Recurring Task infrastructure 	ğŸ”·	S			At Risk	Joe Gorup		Clinical (1: Laura Santoso, 2: Gabriella Williams (Gabi) )		 	 	 	 	 	 	 	 	 	 	 	 	 
		       Product build for new task categories	ğŸ”·ğŸš€ 				Parking Lot (v1)	Irene Duett		ODD		 	 	 	 	 	 	 	 	 	 	 	 	 
		       Require task due date (nice to have, submit ticket)	ğŸ”·ğŸš€ 	S			Parking Lot (v1)	Irene Duett				 	 	 	 	 	 	 	 	 	 	 	 	 
		       Link from task to place in Commons where action can be taken	ğŸ”·ğŸš€ 	T			Parking Lot (v1)	Joe Gorup				 	 	 	 	 	 	 	 	 	 	 	 	 
		Clean up old tasks	ğŸ¤	A, C		2/21/25	In Progress	Maryann Sonoiki			Operation All for One Project Tracker	YES	YES	YES	 	 	 	 	 	 	 	 	 	 
		      Develop tasking clean up & oversight plan			2/4/25	2/7/25	Complete	Fabiana Simone				 	 	 	 	 	 	 	 	 	 	 	 	 
		      Build validated tasking report			2/5/25	2/10/25	Complete	Fabiana Simone				 	YES	 	 	 	 	 	 	 	 	 	 	 
		      Conduct phase 1 task clean up (IN & MA)	ğŸ¤	A, C	2/11/25	2/28/25	Complete	Maryann Sonoiki			Operation All for One Project Tracker	 	 	YES	YES	 	 	 	 	 	 	 	 	 
		          Delete tasks that have not been updated in over 1 yr (IN ONLY)					Complete	Fabiana Simone																
		          Adjust normal priority due dates to RCI (tasks assigned to IN longitudinal care team members only)				3/3/25	Complete	Joe Gorup																
		      Conduct phase 2 task clean up (FL/NC/NY/OH)	ğŸ¤	A	3/17/25	3/28/25	Not Started	Maryann Sonoiki			Operation All for One Project Tracker	 	 	 	 	 	 	YES	YES	 	 	 	 	 
		Inventory all existing system generated tasks & identify changes needed to align with new WoW 					Parking Lot (v1)																	
		      Identify what we could/should systematically set to due date = RCI over time					Parking Lot (v1)	task owners																
		      Identify which due dates should shift from cal. to business days & if SLA adjustements needed					Parking Lot (v1)	task owners																
		Deployment Approval: Deploy new task guidance and enhancements in pilot market	ğŸ‘			2/21/25	Complete																	
		Pilot Market: Train teams on task enhancements & guidance	ğŸ¦‹		2/24/25	3/3/25	Complete	ODD				 	 	 	YES	YES	 	 	 	 	 	 	 	 
		Pilot Go-Live ğŸ‰				2/24/25	Complete	ODD/Product				YES	YES	YES	YES	 	 	 	 	 	 	 	 	 
		Synthesize learnings from pilot			3/10/25	3/14/25	Not Started	ODD				 	 	 	 	 	YES	 	 	 	 	 	 	 
		Update solution based on pilot learnings	ğŸ”·		3/17/25	3/28/25	Not Started	Product				 	 	 	 	 	 	YES	YES	 	 	 	 	 
		Scale Approval: Launch in all markets	ğŸ‘			4/4/25	Not Started																	
		All Markets: Train teams on new task enhancements	ğŸ¦‹			4/18/25	Not Started	ODD				YES	YES	YES	YES	YES	YES	YES	YES	YES	YES	YES	 	 
		All Markets: Train teams on new task guidance	ğŸ¦‹			4/18/25	Not Started	ODD				YES	YES	YES	YES	YES	YES	YES	YES	YES	YES	YES	 	 
		All Market Go-Live ğŸ‰				4/21/25	Not Started	ODD/Product				YES	YES	YES	YES	YES	YES	YES	YES	YES	YES	YES	YES	 
		Provide post-launch support			4/21/25	5/30/25	Not Started	ODD				 	 	 	 	 	 	 	 	 	 	 	YES	YES
	2	Panel Management & Regular Check-In																						
		Build Approval: Approve MVP for panel management & regular check-in	ğŸ‘		1/21/25	1/31/25	Not Started	Irene Duett				 	 	 	 	 	 	 	 	 	 	 	 	 
		Revisit what counts for regular check-in		Q	1/21/25	1/29/25	Complete	Ryan Senning			RCI Updates for IPLC	 	 	 	 	 	 	 	 	 	 	 	 	 
		      Stakeholder alignment on what "counts" for regular check-in	ğŸš€ 	Q	1/21/25	1/29/25	Complete	Ryan Senning				 	 	 	 	 	 	 	 	 	 	 	 	 
		      Determine what template should be used to indicate meaningful interaction (new or existing)		Q	1/21/25	2/21/25	Complete	Gabriella Williams (Gabi)	Laura Santoso/Maryann Sonoiki	Markets, clinical, RN/CHP org, product, BCD		YES	YES	YES	 	 	 	 	 	 	 	 	 	 
		Stakeholder alignment on SLAs associated with check-in attempts		O	1/27/25	1/31/25	Complete	Ryan Senning				 	 	 	 	 	 	 	 	 	 	 	 	 
		      Align existing difficult to reach guidance for care teams to follow for regular check-ins		O	1/27/25	1/31/25	Complete	Ryan Senning			Difficult to Reach Definitions and Follow-Up Process	 	 	 	 	 	 	 	 	 	 	 	 	 
		      Decision: Should exisiting RCI "task" due dates be reset to prevent overwhelming overdue tasks at launch? 			1/29/25	1/31/25	Complete	Ryan Senning				 	 	 	 	 	 	 	 	 	 	 	 	 
		      IN MOS to share patient id/due date file for updated overdue RCIs at launch Market decided to manually change due dates now, before cutover. 				2/21/25	Complete	Monika Manne	Katie Shorter															
		Stand up Reengagement process after DTR x-market	ğŸ¤		1/31/25	4/3/25	Not Started	Sam Ferguson				YES	YES	YES	YES	YES	YES	YES	YES	YES	 	 	 	 
		      Build DTR definition in Looker				4/3/25	Not Started	Sameer Bhagavatula				YES	YES	YES	YES	YES	YES	YES	YES	YES	 	 	 	 
		      Develop DTR review process				4/3/25	Not Started	Sam Ferguson																
		Empanelment Design					Not Started																	
		      Develop unempanelement guidance for CTL/CTM				4/3/25	Not Started	Sam Ferguson																
		Build enhanced panel management surface  (includes: today's scheduled visits, regular check-ins, tasks due)	ğŸ”·	A, B			Complete	Irene Duett		ODD, Clinical		 	 	 	 	 	 	 	 	 	 	 	 	 
		     Recommend Empanelment operation for N. Carolina					Not Started																	
		     Recommend Empanelment operation for New York					Not Started																	
		     Recommend Empanelment operation for Florida					Not Started																	
		     Derisk/Redesign OS, CST, CTC scheduling process based on empanelement changes (NC, NY, FL)					Not Started																	
		     Derisk/Redesign OS, CST, CTC handoff to market process based on empanelment changes (NC, NY, FL)					Not Started																	
		Build required technical enhancements for regular check-in	ğŸ”·				Complete	Irene Duett				 	 	 	 	 	 	 	 	 	 	 	 	 
		      Bake logic into regular check-in feed so members fall off based on documented        attempts & successful interactions	ğŸ”·	P			Complete	Irene Duett				 	 	 	 	 	 	 	 	 	 	 	 	 
		      Stop generating tasks for regular check-ins	ğŸ”·	D			Complete	Irene Duett		ODD		 	 	 	 	 	 	 	 	 	 	 	 	 
		      Regular check-in <> non-urgent task synced due date changes	ğŸ”·	R			Complete	Irene Duett				 	 	 	 	 	 	 	 	 	 	 	 	 
		      De-dupe members due for regular check-in today from members surfaced with tasks due today	ğŸ”·	A			Complete	Irene Duett				 	 	 	 	 	 	 	 	 	 	 	 	 
		      Allow for regular check-in feed to leverage acuity for P32	ğŸ”·	E			Complete	Irene Duett				 	 	 	 	 	 	 	 	 	 	 	 	 
		      Build a way for managers can see all regular check-in calls due across their team & easily reassign        work if staff are out (for the day or long term)	ğŸ”·	F		3/14/25	In Progress	Irene Duett/Ryan Senning				YES	YES	YES	YES	YES	YES	 	 	 	 	 	 	 
		      Adjust regular check-in feed logic for what counts, based on template decision ğŸ”— 2.2	ğŸ”·	Q			Complete	Irene Duett				 	 	 	 	 	 	 	 	 	 	 	 	 
		      Analytics changes to regular check-in definition, based on template decision ğŸ”— 2.2	ğŸ”·	Q			Complete	Sameer Bhagavatula		Irene Duett		 	 	 	 	 	 	 	 	 	 	 	 	 
		Develop panel level prioritization guidance for care teams		L			Complete	Ryan Senning		BCD, RN/CHP org		 	 	 	 	 	 	 	 	 	 	 	 	 
		Deployment Approval: Deploy new panel management expectations and tools	ğŸ‘			2/21/25	Complete																	
		Pilot Market: Train teams on panel management expectations and tools	ğŸ¦‹		2/17/25	2/21/25	Complete	ODD				 	 	YES	 	 	 	 	 	 	 	 	 	 
		Pilot Go-Live ğŸ‰				2/24/25	Complete	ODD/Product				YES	YES	YES	YES	 	 	 	 	 	 	 	 	 
		Establish governance structure & process for markets to request regular check-in cadence adjustments		E			Not Started	Ryan Senning				 	 	 	 	 	 	 	 	 	 	 	 	 
		Scale Approval: Launch in all markets	ğŸ‘			4/4/25	Not Started																	
		All Markets: Train teams on new panel management expectations and tools	ğŸ¦‹		4/14/25	4/18/25	Not Started	ODD				 	 	 	 	 	 	 	 	 	 	YES	 	 
		Communicate new governances structure for cadence adjustments to market leaders	â™»ï¸		4/14/25	4/18/25	Not Started	ODD				 	 	 	 	 	 	 	 	 	 	YES	 	 
		All Market Go-Live ğŸ‰				4/21/25	Not Started	ODD/Product				YES	YES	YES	YES	YES	YES	YES	YES	YES	YES	YES	YES	 
		Provide post-launch support			4/21/25	5/30/25	Not Started	ODD				 	 	 	 	 	 	 	 	 	 	 	YES	YES
	3	Updated 360 [Unified View] & Comprehensive Interactions																						
		Build Approval: Approve MVP for unified view (member 360)	ğŸ‘		1/21/25	1/31/25	Complete	Irene Duett				 	 	 	 	 	 	 	 	 	 	 	 	 
		Build unified view  (includes: care plan goals, tasks, outreach campaigns, program & pathway eligibility / enrollment, quality & boi gaps)	ğŸ”·	H, J	2/3/25	2/21/25	In Progress	Irene Duett				YES	YES	YES	 	 	 	 	 	 	 	 	 	 
		      Build a way for all signals to be identifiable in our systems (in Commons, in reporting)	ğŸ”·	I		2/21/25	In Progress	Irene Duett				YES	YES	YES	 	 	 	 	 	 	 	 	 	 
		      Surface contextual information for effective prep 	ğŸ”·	K		2/21/25	In Progress	Irene Duett				YES	YES	YES	 	 	 	 	 	 	 	 	 	 
		            Surface campaign information in a prominent way	ğŸ”·ğŸ“£	K		2/21/25	Parking Lot (v1)	Irene Duett		Matt Slavin		YES	YES	YES	 	 	 	 	 	 	 	 	 	 
		            Surface outreach history (last contact, date)	ğŸ”·	K		2/21/25	Parking Lot (v1)	Irene Duett				YES	YES	YES	 	 	 	 	 	 	 	 	 	 
		            Surface problem/diagnosis list & last hospital discharge	ğŸ”·	K		2/21/25	In Progress	Irene Duett				YES	YES	YES	 	 	 	 	 	 	 	 	 	 
		[out of scope for IPLC work but tracking for vis here] Foundational quality gap closure expectations & training for CHPs (and potentially RNs if needed)				2/21/25	At Risk	Market ops / pop health?				YES	YES	YES	 	 	 	 	 	 	 	 	 	 
		Develop care team guidance re: meaningful interactions		N		2/21/25	Complete	Laura Santoso Fabiana Simone		BCD, RN/CHP org, ODD		YES	YES	YES	 	 	 	 	 	 	 	 	 	 
		      Ops Guidance for Unified View including member level prioritization (not productized)		G	2/7/25	2/21/25	Complete	Fabiana Simone				 	YES	YES	 	 	 	 	 	 	 	 	 	 
		      Develop bundling guidance		M		2/21/25	Complete	Rachel BanayLaura Santoso		BCD, RN/CHP org		YES	YES	YES	 	 	 	 	 	 	 	 	 	 
		      Develop pre visit expectations (regular check-in or other f/up visits)		N		2/21/25	Complete	Laura Santoso		BCD, RN/CHP org, ODD	Doc	YES	YES	YES	 	 	 	 	 	 	 	 	 	 
		      Develop / align plan for required regular check-in template 				2/21/25	Complete	Gabriella Williams (Gabi)				YES	YES	YES	 	 	 	 	 	 	 	 	 	 
		      During member visit, mirrors regular check-in template ğŸ”— 2.2		N		2/21/25	Complete	Laura Santoso		BCD, RN/CHP org, ODD		YES	YES	YES	 	 	 	 	 	 	 	 	 	 
		      Post visit expectations		N		2/21/25	Complete	Laura Santoso		BCD, RN/CHP org, ODD		YES	YES	YES	 	 	 	 	 	 	 	 	 	 
		Deployment Approval: Deploy comprehensive interactions expectations and tools	ğŸ‘			2/21/25	Complete								 	 	 	 	 	 	 	 	 	 
		Pilot Market: Train teams on comprehensive interactions expectations and tools	ğŸ¦‹		2/17/25	2/21/25	Complete	ODD				 	 	YES	 	 	 	 	 	 	 	 	 	 
		      Train CHP/RN how to use Quality Widget					Not Started	ODD				 	 	 	 	 	 	 	 	 	 	 	 	 
		      Train CHP/RN on 2025 Quality Playbook					Not Started	Laura Santoso				 	 	 	 	 	 	 	 	 	 	 	 	 
		Pilot Go-Live ğŸ‰				2/24/25	Complete	ODD/Product				YES	YES	YES	YES	 	 	 	 	 	 	 	 	 
		Synthesize learnings from pilot			3/10/25	3/14/25	Not Started	ODD				 	 	 	 	 	YES	 	 	 	 	 	 	 
		Update solution based on pilot learnings	ğŸ”·		3/17/25	3/28/25	Not Started	Product				 	 	 	 	 	 	YES	YES	 	 	 	 	 
		Scale Approval: Launch in all markets	ğŸ‘			4/4/25	Not Started															 	 	 
		All Market: Train teams on comprehensive interactions expectations and tools	ğŸ¦‹			4/18/25	Not Started	ODD				YES	YES	YES	YES	YES	YES	YES	YES	YES	YES	YES	 	 
		All Market Go-Live ğŸ‰				4/21/25	Not Started	ODD/Product				YES	YES	YES	YES	YES	YES	YES	YES	YES	YES	YES	YES	 
		Provide post-launch support			4/21/25	5/30/25	Not Started	ODD				 	 	 	 	 	 	 	 	 	 	 	YES	YES
	4	Frontline Manager Visibility																						
		Review existing data sources and tools for relevant performance metrics/data			1/10/25	1/29/25	Complete	Rosie Ebadat				 	 	 	 	 	 	 	 	 	 	 	 	 
		       Conduct stakeholder interviews to understand key metrics				1/29/25	Complete	Rosie Ebadat				 	 	 	 	 	 	 	 	 	 	 	 	 
		       Identify necessary integrations (spreadsheets, looker data sources, etc)				1/29/25	Complete	Rosie Ebadat				 	 	 	 	 	 	 	 	 	 	 	 	 
		Develop standard metrics for RNs and CHPs			1/21/25	2/7/25	Complete	ODD/SME/Analytics				YES	 	 	 	 	 	 	 	 	 	 	 	 
		Design approval	ğŸ‘		1/21/25	2/7/25	Complete																	
		Test data quality and accuracy - pulling in CTLs/CTMs				3/12/25	In Progress	Market CTLs/CTMs				YES	YES	YES	YES	YES	YES	 	 	 	 	 	 	 
		Build Approval	ğŸ‘		1/31/25	2/14/25	Complete																	
		Gather feedback on usability and performance from CTLs/CTMs				2/14/25	Complete	ODD/Market CTLs/CTMs				YES	YES	 	 	 	 	 	 	 	 	 	 	 
		Iterate and refine the dashboard based on CTL/CTM feedback 				3/12/25	In Progress	ODD/Analytics				YES	YES	YES	YES	YES	YES	 	 	 	 	 	 	 
		Develop user guides and training resources				2/28/25	Complete	Rosie Ebadat				YES	YES	YES	YES	 	 	 	 	 	 	 	 	 
		Set up training sessions for managers - performance management				3/4/25	Complete	Rosie Ebadat				YES	YES	YES	YES	YES	 	 	 	 	 	 	 	 
		Deployment Approval	ğŸ‘			2/28/25	Complete																	
		Train frontline managers on tool 	ğŸ¦‹			3/3/25	Complete	Rosie Ebadat				YES	YES	YES	YES	YES	 	 	 	 	 	 	 	 
		Roll out the dashboard to all users (managers)				3/3/25	In Progress	Rosie Ebadat				YES	YES	YES	YES	YES	 	 	 	 	 	 	 	 
	5	Scaled Campaigns																						
		Conduct stakeholder interviews with Market Ops to understand best practices for campaign operations	ğŸ“£			2/14/25	Complete	Matt Slavin		Katie Nguyen		YES	YES	 	 	 	 	 	 	 	 	 	 	 
		Create design mock-up of embedding campaigns into IPLC tasking ecosystem	ğŸ“£			1/31/25	Complete	Matt Slavin				 	 	 	 	 	 	 	 	 	 	 	 	 
		     Reach consensus on how campaign will be surfaced in member unified view in MVP	ğŸ“£			1/31/25	Complete					 	 	 	 	 	 	 	 	 	 	 	 	 
		     Create decision matrix for MX to stratify their campaigns accoridng to task urgency level	ğŸ“£			1/31/25	Complete					 	 	 	 	 	 	 	 	 	 	 	 	 
		Design approval	ğŸ‘			1/31/25	Complete				Scaled Campaigns - Design Review | 1.31.25													
		Develop campaign workflow(s)	ğŸ“£		2/3/25	2/14/25	Complete					YES	YES	 	 	 	 	 	 	 	 	 	 	 
		      Align on BOI/Quality campaign to pilot tasking	ğŸ“£			2/7/25	Complete					YES	 	 	 	 	 	 	 	 	 	 	 	 
		      Develop requirements/workflow template for campaign workflow(s)	ğŸ“£		2/10/25	2/12/25	Complete					 	YES	 	 	 	 	 	 	 	 	 	 	 
		Build Approval	ğŸ‘			2/14/25	Complete																	
		Build task for LCT for outreach campaign follow-up call	ğŸ“£ğŸ”·		2/17/25	3/6/25	Complete	Bobbi Spiegel	Matt Slavin			 	 	YES	YES	YES	 	 	 	 	 	 	 	 
		Deployment Approval	ğŸ‘			3/10/25	Complete																	
		Train LCT on using tasking to surface outreach campaign [will be included in Care Team 'Ways of Working' Toolkit]	ğŸ“£		2/24/25	3/3/25	Complete	Matt Slavin	Katie Nguyen			 	 	 	YES	YES	 	 	 	 	 	 	 	 
		Consult for Campaign Effectiveness metrics automation (Impact Analysis Subcommittee)	ğŸ“£				Not Started	Asher Lipsitz	Katie Nguyen	Matt Slavin		 	 	 	 	 	 	 	 	 	 	 	 	 
		Omnichannel Engagement campaign work being completed for preconsented members 	ğŸ”·				Not Started	Bobbi Spiegel				 	 	 	 	 	 	 	 	 	 	 	 	 
		       OPL configurator	ğŸ”·				Not Started	Bobbi Spiegel				 	 	 	 	 	 	 	 	 	 	 	 	 
		       Priming enhancements	ğŸ”·				Not Started	Bobbi Spiegel				 	 	 	 	 	 	 	 	 	 	 	 	 